{"stats":{"minecraft:mined":{"minecraft:grass_block":2},"minecraft:used":{"securitycraft:mine":1,"minecraft:dirt":2,"minecraft:zombie_spawn_egg":1},"minecraft:picked_up":{"minecraft:wheat_seeds":1,"minecraft:dirt":2},"minecraft:custom":{"minecraft:jump":23,"minecraft:time_since_rest":2903,"minecraft:leave_game":2,"minecraft:play_time":2903,"minecraft:sprint_one_cm":4638,"minecraft:time_since_death":2903,"minecraft:walk_one_cm":2007,"minecraft:total_world_time":2903,"minecraft:fly_one_cm":48085}},"DataVersion":3465}