{"stats":{"minecraft:mined":{"minecraft:sand":2},"minecraft:picked_up":{"minecraft:sand":1},"minecraft:used":{"minecraft:firework_rocket":54,"minecraft:sand":1},"minecraft:custom":{"minecraft:jump":6,"minecraft:time_since_rest":2704,"minecraft:leave_game":2,"minecraft:play_time":2704,"minecraft:sprint_one_cm":183,"minecraft:time_since_death":2704,"minecraft:walk_on_water_one_cm":382,"minecraft:walk_one_cm":2420,"minecraft:total_world_time":2704,"minecraft:walk_under_water_one_cm":1066,"minecraft:fall_one_cm":209,"minecraft:fly_one_cm":17829,"minecraft:aviate_one_cm":271790}},"DataVersion":3465}